Title	Description	Keywords	Category
Deep learning - Wikipedia			DL_NN
Introducing Deep Learning and Neural Networks ‚Äî Deep Learning for Rookies (1)	Welcome to the first post of my series Deep Learning for Rookies by me, a rookie. I‚Äôm writing as a reinforcement learning strategy to process and digest the knowledge better. But if you are a deep‚Ä¶		DL_NN
Introduction to Neural Networks, Deep Learning (Deeplearning.ai course)	"This is a comprehensive introduction to the world of deep learning and neural networks. These are essentially course notes from deeplearning.ais course #1."		DL_NN
Neural networks and deep learning			DL_NN
Neural networks and deep learning			DL_NN
Neural Networks and Deep Learning | Coursera, Loupe Copy, Loupe Copy, Chevron Right, Chevron Right, Filled Star, Filled Star, Filled Star, Filled Star, Half Faded Star, Specialization, 100% online, Flexible deadlines, Intermediate Level, Hours to complete, Available languages, Specialization, 100% online, Flexible deadlines, Intermediate Level, Hours to complete, Available languages, Hours to complete, Reading, Video, Reading, Quiz, Hours to complete, Reading, Video, Reading, Quiz, Hours to complete, Reading, Video, Quiz, Hours to complete, Reading, Video, Quiz, Filled Star, Filled Star, Filled Star, Filled Star, Half Faded Star, Chevron Right, Career direction, Career Benefit, Career promotion, Filled Star, Filled Star, Filled Star, Filled Star, Filled Star, Filled Star, Filled Star, Filled Star, Filled Star, Filled Star, Chevron Right, Chevron Right, Chevron Right, Chevron Right	Neural Networks and Deep Learning from deeplearning.ai. If you want to break into cutting-edge AI, this course will help you do so. Deep learning engineers are highly sought after, and mastering deep learning will give you numerous new career ...		DL_NN
AI Learning Accelerator			DL_NN
Models for Neural Spike Computation and Cognition: David H. Staelin, Carl H. Staelin: 9781466472228: Amazon.com: Books	Models for Neural Spike Computation and Cognition David H. Staelin, Carl H. Staelin on Amazon.com. *FREE* shipping on qualifying offers. This monograph addresses the intertwined mathematical, neurological, and cognitive mysteries of the brain. It first evaluates the mathematical performance limits of simple spiking neuron models that both learn and later recognize complex spike excitation patterns in less than one second without using training signals unique to each pattern. Simulations validate these models	David,H.,Staelin,,Carl,H.,Staelin,Models,for,Neural,Spike,Computation,and,Cognition,CreateSpace,Independent,Publishing,Platform,1466472227,Artificial,intelligence,Computer,Books:,General,Computers,Computers,-,General,Information,Computers,/,Intelligence,(AI),&,Semantics,Intelligence,(AI),&,Semantics	DL_NN
Cloud Natural Language \xa0|\xa0 Cloud Natural Language API\n      \xa0|\xa0 Google Cloud	Analyze text using ML to extract relevant entities, understand the overall sentiment, identify parts of speech and create dependency parse trees.		DL_NN
ScienceDirect			DL_NN
What is artificial neural network (ANN)? - Definition from WhatIs.com	This definition explains the meaning of artificial neural networks and how they have gone from computational theory to delivering real business value.		DL_NN
Introduction to Neural Networks, Deep Learning (Deeplearning.ai course)	"This is a comprehensive introduction to the world of deep learning and neural networks. These are essentially course notes from deeplearning.ais course #1."		DL_NN
"\n    \n      A Beginners Guide to Neural Networks and Deep Learning | Skymind\n    \n  "	An introduction to deep artificial neural networks and deep learning.		DL_NN
Neural Networks			DL_NN
Artificial neural network - Wikipedia			DL_NN
Neural networks and deep learning			DL_NN
Neural networks and deep learning			DL_NN
What is Global Competence? | Asia Society	Global competence is a crucial upgrade if our education system is to prepare the next generation for the knowledge economy. But what does it entail?	asia,asia,society,arts,education,policy,business,countries,lifestyle,blog,non,profit	DL_NN
Complete Machine Learning & Data Science with R-2019 | AkhilML	Everything you need to start your career as data scientist in the field of machine learning. Code files included & practice with projects.		DL_NN
The GRE Tests, angle-up, angle-right, angle-down, angle-left, close, user, menu open, menu closed, search, globe, bars, phone, store	Get more opportunities for success with the GRE General Test, the one test accepted by thousands of graduate and business schools worldwide.	gre,,gre,test,,gre,general,test,,gre,subject,tests,,take,the,gre,,what,is,gre,,why,take,gre,,gre,mba	gre
Graduate Record Examination (GRE) - 2019 - Overview | Collegedunia.com			gre
GRE Exam Dates, Centers, Fee in India 2019 - 2020 | General Information - MBA Crystal Ball	All about ETS GRE exam in India (2018 - 2019) - Eligibility, cost / fees, test pattern, test dates & exam centers in India, free test prep material & more.		gre
Graduate Record Examinations - Wikipedia			gre
How should I plan my preparation for the GRE? - Quora	Whee! GRE is the one exam I had a lot of fun preparing for. One year is plenty of time, so you&#039;re good to do. How you should go about preparing for the GRE depends a lot on where you stand right now. The Quantitative Reasoning (Math) part of the...		gre
How to Study for the GRE in Two Months - Kaplan Test Prep	With 2 months to prepare a study plan for the GRE, divide your GRE study time. Focus on mastering the strategic approaches to each type of GRE question.		gre
GRE Preparation Guide 2019 - 2020 - MBA Crystal Ball	How to prepare for the GRE test. - the best guide books, newspapers to read, free study material, mock tests for practice and more.		gre
Prepare for the GRE General Test (For Test Takers), angle-up, angle-right, angle-down, angle-left, close, user, menu open, menu closed, search, globe, bars, phone, store	We offer a variety of free and low-cost tools to help you prepare for the GRE General Test, including sample test questions, POWERPREP II and more.	gre,,gre,test,prep,,prepare,for,the,gre,,prepare,for,gre,test,,free,gre,test,prep,,gre,powerprep,,gre,powerprep,2,,gre,practice,,gre,math,review,,gre,math,conventions,,official,guide,to,the,gre,revised,general,test,,gre,official,guide,,gre,scoreitnow	gre
6 Effective GRE Preparation Strategies | Top Universities	Want to optimize your GRE General Test performance? Follow these 6 tried and tested GRE preparation strategies.		gre
GRE Preparation Tips (For Test Takers)- Section wise Preparation Tips	GRE Preparation Tips ‚Äì Candidates can check GRE Preparation Tips which help know how to preparation for GRE. Get here GRE General Test Strategies and Tips (For Test Takers). Check complete guide for Quantitative Reasoning, Verbal Reasoning and Analytical Writing.	GRE,Preparation,Tips,,GRE,exam,tips,,GRE,exam,Preparation,Tips,,Preparation,tips,for,GRE,,Exam,tips,for,GRE,,GRE	gre
GRE Test Prep | Best way to Prepare for GRE | The Princeton Review	Improve your GRE score with a prep course from The Princeton Review. Browse our selection of GRE test prep courses & enroll in a course that fits your schedule.		gre
GRE Exam Syllabus And Pattern | Jamboree Education	"Looking for information related GRE exam syllabus and pattern? Here is the complete detail about exam syllabus and pattern Contact us for more information about the GRE."	GMAT,,GRE,,SAT,,IELTS,,TOEFL,	gre
Sample Question Papers for GRE According to New Syllabus- Translation in Hindi, Kannada, Malayalam, Marathi, Punjabi, Sindhi, Sindhi, Tamil, Telgu - Examrace	Download and practice sample papers for GRE-2019 according to new syllabus	Sample,,Question,,Papers,,GRE,,According,,New,,Syllabus,,Examrace	gre
  GRE Papers Free Download Previous Years Question Papers			gre
Where can I get GRE sample papers for free? - Quora	GRE Sample Paper for GRE General Test: Sample papers consist of sample questions for the three sections. Experts suggest that since quantitative reasoning section is generally a weak point for many students, it is necessary to be well-versed with ...		gre
GRE General Test Prep Materials in Accessible Formats (For Test Takers), angle-up, angle-right, angle-down, angle-left, close, user, menu open, menu closed, search, globe, bars, phone, store	ETS is committed to making preparation materials available in accessible formats. This page describes the GRE Test Preparation materials, the types of formats available and how to obtain them.	accessible,gre,test,prep,,large,print,gre,test,prep,,braille,gre,test,prep,,gre,disability,services,,gre,tactile,figure,supplements,,gre,large,print,figure,supplements,,gre,accessible,electronic,format,,ets,disability,services	gre
GRE Books | GRE Study Books | Kaplan Test Prep	"Are you looking for the best GRE study book? Check out Kaplans GRE Prep Plus book."		gre
GRE Books, Guides, Resources | Manhattan Prep	Shop the entire collection of Manhattan Prep GRE books, strategy guides, and resources to get everything you need to prepare for the GRE.		gre
The Manhattan Prep GRE Advantage | Comprehensive GRE Prep Books & GRE Online Study Resources | Manhattan GRE Prep	Manhattan Prep GRE offers in-person and online GRE prep courses. Taught by industry-leading instructors, Manhattan Prep GRE courses feature a comprehensive, content-based curriculum to help you acheive your top score.	GRE,prep,,GREprep,,GRE,practice,,GRE,prep,books,,GRE,study,,GRE,test,,GRE,online,,GRE,exam,,GRE,books,,GRE,study,,GRE,course,,GRE,classes	gre
"Where can I download The Manhattan GRE set of 8 strategy guides? - Quora"	******* Updated ******* The Korean hackers sample question papers are included too. Manhattan 8 Books		gre
Introduction to Machine Learning \xa0|\xa0 Machine Learning Crash Course\n      \xa0|\xa0 Google Developers			ML
An Introduction to Machine Learning | DigitalOcean, DigitalOcean home, DigitalOcean home, Close search	Machine learning is a subfield of artificial intelligence (AI). The goal of machine learning generally is to understand the structure of data and fit that data into models that can be understood and utilized by people. Although machine learning is a f	Machine,Learning,Development,Conceptual	ML
Intro to Machine Learning | Udacity	"This class will teach you the end-to-end process of investigating data through a machine learning lens, and youll apply what youve learned to a real-world data set."		ML
Introduction to Machine Learning - Online Course | DataCamp, Icon, Icon, Icon, professional, info	"DataCamps intro to machine learning with R online tutorial teaches you about different machine learning models & tasks. Learn at your own pace today!"		ML
What is Machine Learning? - Introduction | Coursera, Loupe Copy, Loupe Copy	Video created by Stanford University for the course "Machine Learning". Welcome to Machine Learning! In this module, we introduce the core idea of teaching a computer to learn concepts using data√¢\x80\x94without being explicitly programmed. The Course ...		ML
A Machine Learning Tutorial with Examples | Toptal	Curious about Machine Learning and its many applications? Learn the ins and outs of supervised and unsupervised machine learning in this Machine Learning tutorial.		ML
Introduction To Machine Learning ‚Äì Towards Data Science	Machine Learning is an idea to learn from examples and experience, without being explicitly programmed. Instead of writing code, you feed data to the generic algorithm, and it builds logic based on‚Ä¶		ML
Artificial Intelligence Course | Masters in Artificial Intelligence	Interested in Artificial Intelligence Course? Become an AI Engineer with concepts from Deep Learning, TensorFlow & Machine Learning with our AI Online training course.	Artificial,Intelligence,Engineer,,Artificial,Intelligence,Masters,,Artificial,Intelligence,Course,,training,,certification	ML
Machine Learning on AWS			ML
Machine Learning: What it is and why it matters | SAS	Find out what machine learning is, what kinds of algorithms and processes are used, and some of the many ways that machine learning is being used today.		ML
Machine Learning ‚Äì Towards Data Science	Read here our best posts on machine learning. Sharing concepts, ideas, and codes.		ML
Machine Learning Crash Course  \xa0|\xa0 Google Developers	An intensive, practical 20-hour introduction to machine learning fundamentals, with companion TensorFlow exercises.		ML
Machine learning - Wikipedia			ML
What is Machine Learning? A definition - Expert System	Learn more about Machine Learning, an application of AI that provides systems the ability to automatically learn and improve from experience.		ML
Machine Learning - GeeksforGeeks	A Computer Science portal for geeks. It contains well written, well thought and well explained computer science and programming articles, quizzes and practice/competitive programming/company interview Questions.		ML
Machine Learning | Coursera, Loupe Copy, Loupe Copy, Chevron Right, Chevron Right, Filled Star, Filled Star, Filled Star, Filled Star, Half Faded Star, 100% online, Flexible deadlines, Hours to complete, Available languages, 100% online, Flexible deadlines, Hours to complete, Available languages, Hours to complete, Reading, Video, Reading, Quiz, Hours to complete, Reading, Video, Reading, Quiz, Hours to complete, Reading, Video, Reading, Quiz, Hours to complete, Reading, Video, Reading, Quiz, Hours to complete, Reading, Video, Reading, Quiz, Hours to complete, Reading, Video, Reading, Quiz, Hours to complete, Reading, Video, Reading, Quiz, Hours to complete, Reading, Video, Reading, Quiz, Filled Star, Filled Star, Filled Star, Filled Star, Half Faded Star, Chevron Right, Career direction, Career Benefit, Filled Star, Filled Star, Filled Star, Filled Star, Filled Star, Filled Star, Filled Star, Filled Star, Filled Star, Filled Star, Chevron Right, Chevron Right, Chevron Right, Chevron Right	Machine Learning from Stanford University. Machine learning is the science of getting computers to act without being explicitly programmed. In the past decade, machine learning has given us self-driving cars, practical speech recognition, ...		ML
Artificial Intelligence + RPA Platform - Free to SMB, Developers	Adding artificial intelligence to your bots is a smart way to boost your RPA automation. AI automation in Community Edition takes your RPA to the next level for free.		ML
Machine Learning | IBM Analytics  | IBM	Data science and machine learning solutions from IBM enable you to collaborate across teams, use the top open and scale at the speed your business requires.	cognitive,search,,content,analytics,,Watson,explorer,,text,analytics	ML
AI & Machine Learning Solutions \xa0|\xa0 Google Cloud	Quickly and easily deploy Google Cloud AI solutions using pre-trained models or build your own custom machine learning solution		ML
Learn Python (Programming Tutorial for Beginners)	This is a comprehensive guide on how to get started in Python, why you should learn it and how you can learn it.		python
Learn Python for Data Science - Online Course | DataCamp, Icon, Icon, Icon, professional, info	"DataCamps Intro to Python course teaches you how to use Python programming for data science with interactive video tutorials. Start learning Python today!"		python
Python Tutorial: Learn Python For Free | Codecademy	Learn Python, a powerful language used by sites like YouTube and Dropbox. Learn the fundamentals of programming to build web apps and manipulate data. Master Python loops to deepen your knowledge.		python
Python (programming language) - Wikipedia			python
Python Programming Language - GeeksforGeeks	A Computer Science portal for geeks. It contains well written, well thought and well explained computer science and programming articles, quizzes and practice/competitive programming/company interview Questions., This page contains all topics of Python with clear explanations & examples. It also contains job interview questions,MCQ quizzes and output based questions.		python
Python Tutorial	Python Tutorial for Beginners - Learn Python in simple and easy steps starting from basic to advanced concepts with examples including Python Syntax Object Oriented Language, Methods, Tuples, Tools/Utilities, Exceptions Handling, Sockets, GUI, Extentions, XML Programming.		python
Introduction to Python			python
Python Tutorial			python
About Python‚Ñ¢ | Python.org	The official home of the Python Programming Language	Python,programming,language,object,oriented,web,free,open,source,software,license,documentation,download,community	python
Welcome to Python.org	The official home of the Python Programming Language	Python,programming,language,object,oriented,web,free,open,source,software,license,documentation,download,community	python
Publishing to a Web Server - Django Web Development with Python 11 - YouTube	In this Django tutorial, we cover how to move from a local environment to a live web server. I have chosen for us to use Digital Ocean because it is a fully-...	Django,,web,development,,python,,tutorial,,how-to,,web,server,,website,,virtual,private,server,,virtual,machine	python
Learn Python - Full Course for Beginners - YouTube	"This course will give you a full introduction into all of the core concepts in python. Follow along with the videos and youll be a python programmer in no t..."	python,,python,tutorial,,python,language,,python,full,course,,python,course,,learn,python,,learn,python,programming,,python,tutorial,for,beginners,,python,tu...	python
Learn Python 3 for Machine Learning & Web Development 2019 - YouTube	Learn Python 3 for Machine Learning and Web Development. A complete 6-hour Python course with exercises and projects. üëçSubscribe for more Python tutorials li...	python,tutorial,,learn,python,,python,programming,,python,3,,python3,,python,language,,python,for,beginners,,python,tutorial,for,beginners,,python,programmin...	python
Django (web framework) - Wikipedia			python
Getting started with Django | Django		Python,,Django,,framework,,open-source	python
Django documentation | Django documentation | Django		Python,,Django,,framework,,open-source	python
Online Shopping Site for Mobiles, Electronics, Furniture, Grocery, Lifestyle, Books & More. Best Offers!			Shopping
Online Shopping for Women, Men, Kids Fashion & Lifestyle - Myntra	Online Shopping Site for Fashion & Lifestyle in India. Buy Shoes, Clothing, Accessories and lifestyle products for women & men. Best Online Fashion Store * COD* 30-Days Returns*	online,shopping,,online,shopping,sites,,online,shopping,india,,india,shopping,,Online,shopping,site	Shopping
Online Shopping Site - Shop Men & Women Fashion Online in India	Online shopping like never before! Get the latest trends ruling the charts in India. With the most fashionable range of apparels, accessories, and more, Limeroad will be your favourite of all online shopping sites.	Shopping,sites,,online,shopping,sites,,online,shopping,websites,,online,shopping,,online,shopping,india,,online,shopping,sites,in,india,,online,shopping,sites,for,women,,Shop,Online,,Shoes,,Bags,,Clothing,,Accessories,,Home,Furnishings,,online,shopping,sites,for,men	Shopping
Voonik : Online Shopping Site for Sarees, Tops and Kurtis For Women in India	Online Shopping site for women clothes, footwear, lingerie, bags and jewellery in India. Buy Sarees, Kurtis, Tops at Voonik. √¢≈ì‚ÄúCOD √¢≈ì‚ÄúLatest Designs √¢≈ì‚ÄúBest Price	Online,Shopping,,voonik,,Women,Shopping,,Voonik.com	Shopping
Online Shopping Site India - Shop Online for men, women and kids fashion, home, kitchen, health, sports and more products at ShopClues		online,shopping,india,,mobiles,phones,,electronics,,refrigerators,online,,shoes,,footwear,online,shopping,,laptops,,tablets,,kitchen,appliances,store,,fashion,,prices,,shopclues.com	Shopping
Online Shopping Site India - Shop Electronics, Mobiles, Men & Women Clothing, Shoes - www. Snapdeal.com\n	Online shopping site - Shop Electronics, Mobile, Men & Women Clothing, Shoes, Home & Kitchen appliances online on Snapdeal in India. ‚òÜ Next Day Delivery ‚òÜ Zero Shipping Charges on SD Gold ‚òÜ www. snapdeal. com	online,shopping,site,,online,shopping,india,,online,shopping,site,india,,cash,on,delivery,,free,shipping,,snapdeal.com	Shopping
Online Shopping - Shop for Clothing, Shoes & Accessories in India at Koovs	Online Shopping site for Women & Men in India. Buy Shoes, Clothing, Jewellery and Accessories for Women & Men at Koovs.com. Free Shipping, COD, 15 Days Return.	online,shopping,,online,fashion,shopping,,online,shopping,websites,,online,shopping,india,,online,shopping,,online,shop,India,,fashion,shopping,online,in,India,,fashion,shopping,store,India,,Online,shopping,for,fashion	Shopping
 Online Shopping: Buy Women, Men, Kids Fashion & Lifestyle in India - Jabong 	"Jabong is Indias Best Fashion and Lifestyle Online Shopping site for men, women & kids. Buy clothing, shoes, Watches, footwear and more from your favorite online fashion store Jabong at best price. *COD *15-Days Returns *Free Shipping."	Online,Fashion,Site,,Fashion,&,Lifestyle,Store,,Online,Shopping,Site,,Shop,Online,,Discount,on,Online,Shopping,,Shopping,Website,in,India	Shopping
StalkBuyLove			Shopping
Online Shopping Site for Women Clothing, Men Fashion in India	Online Shopping Site for Women Clothing & Fashion Accessories. Buy Home Appliances, Mobiles, Shoes, Apparels, Accessories & much more.	Online,Shopping,,Shop,Online,,Online,Shopping,India,,Shop,Online,India,,Online,Shop,,Online,Shop,India,,HomeShop18,,HomeShop18.com,,Buy,Online,,Online,Store,,Online,Shopping,Store	Shopping
Online Shopping India - Shop for clothes, shoes, Bags, watches @ Shoppersstop.com	Shop online for apparel, beauty, home decor products and more, at attractive prices offered by Shoppers Stop‚Äôs End of Season Sale.	shop,online,,online,shopping,,online,shopping,in,india,,online,shopping,india,,shop,online,india,,shop,online,in,india,mens,clothing,,womens,apparel,,kids	Shopping
Online Shopping - Buy Shoes, Clothing & Watches in India at Yepme	Online shopping in India for shoes, clothing, watches and accessories for men & women at Yepme.com ‚úì Earn 50 Points on App ‚úì COD ‚úì 30 Days Return ‚úì Free Shipping*.	online,shopping,,online,shop,India,,buy,online,in,India,,online,shopping,store,India,,buy,shoes,online,,buy,sarees,online,,buy,clothes,online,,yepme	Shopping
Yahoo News - Latest News & Headlines	The latest news and headlines from Yahoo! News. Get breaking news stories and in-depth coverage with videos and photos.		News
Google News	Comprehensive, up-to-date news coverage, aggregated from sources all over the world by Google News.		News
CNN International - Breaking News, US News, World News and Video	Find the latest breaking news and information on the top stories, weather, business, entertainment, politics, and more. For in-depth coverage, CNN provides special reports, video, audio, photo galleries, and interactive guides.	breaking,news,,news,online,,U.S.,news,,world,news,,developing,story,,news,video,,CNN,news,,weather,,business,,money,,politics,,law,,technology,,entertainment,,education,,travel,,health,,special,reports,,autos,,CNN,TV	News
Breaking News, World News & Multimedia - The New York Times	The New York Times: Find breaking news, multimedia, reviews & opinion on Washington, business, sports, movies, travel, books, jobs, education, real estate, cars & more at nytimes.com.	"Airlines,Plane,Crash,Boeing,Airbus,FAA,Politics,Fatalities,Ethiopian,Airlines,Addis,Ababa,Nairobi,Brexit,Conservative,Party,EU,Theresa,May,Great,Britain,College,Admissions,Scandal,School,Admissions,College,Tests,Black,People;African-Americans,Race,and,Ethnicity,Affirmative,action,William,E.,McGlashan,Jr.,Gordon,Caplan,Doug,Hodge,Gun,Control,Sandy,Hook,Elementary,Shooting,Companies,Guns,Immunity,from,Prosecution,School,Shootings,and,Attacks,Lawsuits,Bushmaster,Firearms,Remington,Arms,Sandy,Hook,Elementary,School,Newtown,Conn,Adam,Lanza,Connecticut,Newtown,CT,,Beto,ORourke,US,Politics,Democrats,Texas,Russian,meddling,in,2016,election,Special,prosecutor,William,P,Barr,Robert,S,Mueller,III,Donald,Trump,Architecture,Hudson,Yards;West,Side,Railyards,Commercial,Real,Estate,Thomas,Heatherwick"	News
Fox News - Breaking News Updates | Latest News Headlines | Photos & News Videos	Breaking News, Latest News and Current News from FOXNews.com. Breaking news and video. Latest Current News: U.S., World, Entertainment, Health, Business, Technology, Politics, Sports.	news,,breaking,news,,latest,news,,current,news,,world,news,,national,news	News
NBC News - Breaking News & Top Stories - Latest World, US & Local News | NBC News	Go to NBCNews.com for breaking news, videos, and the latest top stories in world news, business, politics, health and pop culture.		News
UK Home | Daily Mail Online	MailOnline - get the latest breaking news, showbiz & celebrity photos, sport news & rumours, viral videos and top stories from MailOnline, Daily Mail and Mail on Sunday newspapers.	"Sudoku,,horoscopes,,political,analysis,,news,,Dont,Miss,,pictures,,comment,,Daily,Mail,,Mail,on,Sunday,newspapers,,sport,,Westminster,,opinion"	News
Washington Post: Breaking News, World, US, DC News & Analysis - The Washington Post, The Washington Post	Breaking news and analysis on politics, business, world national news, entertainment more. In-depth DC, Virginia, Maryland news coverage including traffic, weather, crime, education, restaurant reviews and more., Breaking news and analysis on politics, business, world national news, entertainment more. In-depth DC, Virginia, Maryland news coverage including traffic, weather, crime, education, restaurant reviews and more.	washington,d.c.,news,dc,news,virginia,news,maryland,news,breaking,news,video,photos,world,news,local,news,national,news,us,news,foreign,news,dc,traffic;dc,weather,Obama,government,federal,government,White,House,dc,sports,politics,politics,news,political,news,political,opinion,environment,economy,technology,education,travel,dc,virginia,Maryland,washington,post	News
"News, sport and opinion from the Guardians global edition | The Guardian"	Latest international news, sport and comment from the Guardian		News
The Wall Street Journal & Breaking News, Business, Financial and Economic News, World News and Video	WSJ online coverage of breaking news and current headlines from the US and around the world. Top stories, photos, videos, detailed analysis and in-depth reporting.	News,,breaking,news,,latest,news,,US,news,,headlines,,world,news,,business,,finances,,politics,,WSJ,,WSJ,news,,WSJ.com,,Wall,Street,Journal	News
ABC News ‚Äì Breaking News, Latest News, Headlines & Videos	Your trusted source for breaking news, analysis, exclusive interviews, headlines, and videos at ABCNews.com	ABC,News,,breaking,news,,headline,news,,latest,news,,top,news,,online,news,,video,news,,world,news,,national,news,,abc,news,,abcnews,,abc,news,online	News
Home - BBC News	Visit BBC News for up-to-the-minute news, breaking news, video, audio and feature stories. BBC News provides trusted World and UK news as well as local and regional perspectives. Also entertainment, business, science, technology and health news.		News
USA TODAY: Latest World and US News  - USATODAY.com	USA TODAY delivers current local and national news, sports, entertainment, finance, technology, and more through award-winning journalism, photos, videos and VR.	usa,today,,usatoday,,world,news,,international,news,,us,news,,national,news	News
News from California, the nation and world - Los Angeles Times	The L.A. Times is a leading source of breaking news, entertainment, sports, politics, and more for Southern California and the world.		News
Facebook - Log In or Sign Up	Create an account or log into Facebook. Connect with friends, family and other people you know. Share photos and videos, send messages and get updates.		SocialNetworking
"Twitter. Its whats happening.", bird	From breaking news and entertainment to sports and politics, get the full story with all the live commentary.		SocialNetworking
LinkedIn: Log In or Sign Up\n 	500 million+ members | Manage your professional identity. Build and engage with your professional network. Access knowledge, insights and opportunities.		SocialNetworking
Discover - Google+	Discover amazing things and connect with passionate people.		SocialNetworking
Pinterest	Discover recipes, home ideas, style inspiration and other ideas to try.		SocialNetworking
\nInstagram\n	Create an account or log in to Instagram - A simple, fun & creative way to capture, edit & share photos, videos & messages with friends & family.		SocialNetworking
Sign up | Tumblr	"Tumblr is a place to express yourself, discover yourself, and bond over the stuff you love. Its where your interests connect you with your people."	tumblelog,,blog,,tumblog,,tumbler,,tumblr,,tlog,,microblog	SocialNetworking
Find your inspiration. | Flickr, new icn message, flickr-free-ic, 3d pan white			SocialNetworking
Too Many Requests			SocialNetworking
Snapchat - The fastest way to share a moment!	"Snapchat lets you easily talk with friends, view Live Stories from around the world, and explore news in Discover. Lifes more fun when you live in the moment!"	Snapchat	SocialNetworking
WhatsApp			SocialNetworking
Quora - A place to share knowledge and better understand the world	Quora is a place to gain and share knowledge. It&#039;s a platform to ask questions and connect with people who contribute unique insights and quality answers. This empowers people to learn from each other and to better understand the world.		SocialNetworking
Vine	The entertainment network where videos and personalities get really big, really fast. Download Vine to watch videos, remixes and trends before they blow up.		SocialNetworking
\nBooking.com: 28,328,979 hotel and property listings worldwide. 174+ million hotel reviews.\n	Big savings on hotels in 120,000 destinations worldwide. Browse hotel reviews and find the guaranteed best price on hotels for all budgets.	lodging,,accommodation,,,,,,special,offers,,packages,,specials,,weekend,breaks,,city,breaks,,deals,,budget,,cheap,,discount,,savings	Travel
Search Flights, Hotels & Rental Cars | KAYAK, products - flights, interface - City, products - hotels, interface - POI, interface - map	KAYAK searches hundreds of other travel sites at once to find the information you need to make the right decisions on flights, hotels & rental cars.		Travel
Cheap Flights, Cheap Hotels, and Travel Search | Hipmunk	Find cheap flights and deals on hotels with Hipmunk. We search hundreds of travel sites to find the best prices and take the agony out of travel planning.		Travel
Vacation Rentals, Homes, Experiences & Places - Airbnb	Unforgettable trips start with Airbnb. Find adventures nearby or in faraway places and access unique homes, experiences, and places around the world.		Travel
HomeAway.com | Book your vacation rentals: beach houses, cabins, condos & more, lock-shield, tea, currency	Book amazing rentals on HomeAway.com - the most popular vacation rental site in the US. ‚úì+2 million rentals worldwide ‚úì19+ million reviews ‚úìSecure online payment ‚úì24/7 Customer Service		Travel
Cheap Flights - Search and Compare Flights | momondo	Find the cheapest flights with momondo. We find and compare fares from more than 1,000 airlines and travel sites, giving you the best rates		Travel
Skiplagged: The smart way to find cheap flights.	Skiplagged is an airfare search engine for cheap flights, showing hidden-city ticketing trips in addition to what sites like Expedia, KAYAK, and Travelocity show you. Save up to 80% on airfare today!		Travel
\n\t\tJetsetter | Trip Ideas. Destinations. Food + Drink. Hotels. Style.\t	"Your insider source for everything travel related: where to go, eat, sleep and play, plus what to wear while youre there."		Travel
Luxury Villa Rentals & Vacation Rentals | Luxury Retreats	Luxury Villa Rentals & Vacation Rentals from the specialists at Luxury Retreats. Find villas in Italy, Greece, France, Caribbean, Hawaii and around the world.	vacation,rental,,vacation,rentals,,holiday,rental,,holiday,rentals,,luxury,villas,,villas,for,rent,,luxury,villa,,villa,rental,,villa,rentals,,rental,villa,,rental,villas,,villa,for,rent,,private,villa,,vacation,villas,private,villas,,luxury,vacation,rental,,luxury,villa,rental,,luxury,vacation,rentals,,luxury,villa,rentals,,beach,villa,rentals,,luxury,rental,house,,luxury,homes,for,rent,,luxury,beach,rentals,,renting,vacation,villas,,vacation,villa,rentals,,beach,villas,,holiday,villa,,rent,villa	Travel
FlyerTalk Forums	FlyerTalk is a living, growing community where frequent travelers around the world come to exchange knowledge and experiences about everything miles and points related.	online,travel,community,,frequent,flier,,frequent,flyer,,travel,,program,,award,,reward,,chat,,pudding,guy,,pudding,,message,board,,flier,,frequent,,community,,bulletin,board,,frequent,flyer,programs,,business,travel,,upgrade,,points,,miles,,flights,,flyertalk,,flyer,,flyer,talk,,bulletin,,airline,awards,,airline,mileage,,airline,travel,,frequent,traveler,,help,,loyalty,programs,,mileage,,airlines,,bonus,promotions,,business,traveler,,airawards,,hotel,guest,programs,,hotels,,news,,information,,hints,,free,,tip,,tips,,tricks,,upgrades,,deal,,deals,,business,,post,,programme,,programmes,,topics,,award,ticket,,award,travel,,car,rental,,credit,cards,,reward,ticket,,reward,travel,,ffp	Travel
Cheap Flight Tickets Booking, Flight Offers Comparison @Skyscanner	Book cheap flight tickets! Use map view, search everywhere tool for cheapest flight offers. Compare air ticket prices from MakeMyTrip, Yatra, ClearTrip & more. Direct flight booking, no fees at Skyscanner India	flight,ticket,,flight,tickets,,flight,booking,,cheap,flights,,cheap,flight,tickets,,book,flight,tickets,,air,ticket,,cheap,air,ticket,,flight,offers,,lowest,airfare,,lowest,air,fare,,flight,deals,,airfare,,air,fare	Travel
Cheap Flights, Airline Tickets & Deals | Airfarewatchdog	Airfare deals, cheap flights, & money-saving tips from our experts. Track prices with our fare watcher alerts!		Travel
MakeMyTrip - #1 Travel Website 50% OFF on Hotels, Flights & Holiday	Now Book and Find flight tickets at lowest airfare at MakeMytrip.com. Get best discounts and deals on domestic flights booking around the world. Book cheap air tickets online to your Favorite Destination in India. 	flight,,flights,,flight,booking,,airfare,,air,tickets,,cheap,air,tickets,,flight,booking,,flight,tickets,,flight,ticket,booking,,lowest,airfares,,air,flight,booking,,cheap,flight,ticket,,cheap,flights,,air,travel	Travel
GameFAQs - 403 - Blocked			Gaming
Siliconera - Welcome to the Unseen Side of Video Games!	"Siliconera is the blog to read for international video game news, hands-on impressions, and interviews you wont see anywhere else on the net."		Gaming
Gaming News, Reviews, and Articles - TechRaptor.net	Your source for high quality tabletop and video game news, reviews, and articles.		Gaming
Gematsu - Japanese Video Game News	Japanese Video Game News		Gaming
Game Informer	Game Informer is your source for the latest in video game news, reviews, previews, podcasts, and features.		Gaming
Rock Paper Shotgun - PC Game Reviews, Previews, Subjectivity	Rock, Paper, Shotgun - PC gaming news, previews, reviews, opinion	PC,games,,PC,games,news,,PC,gaming,news,,PC,gaming,,PC,,PC,gamer,,pc,gamers,,PC,reviews,,get,PC,games,,Rock,Paper,Shotgun,,RPS,,rockpapershotgun,,PC,games,blog,,pc,games,site,,pc,gaming,site,,PC,gaming,blog,,pc,gaming,interviews,,best,pc,games,site,,Kieron,Gillen,,Jim,Rossignol,,John,walker,,Alec,Meer,,rockpapershotgun,,indie,games,,indie,,indie,gaming,,games,journalism,,fps,,rts,,rpg,,nothing,compared,to,starcraft,2,,mods,,modding,,mod,,pc,game,,pc,gamer,,freeware,games,,new,games,journalism,,pc,game,news,,pc,games,news,,pc,gaming,news,,pc,games,reviews,,pc,game,reviews,,valve,,steam,,mmo,,mog,,world,of,warcraft,,counterstrike,,deus,ex,,thief,,ccp,,eve,online,,intelligent,handsome,journalists,,gillen,,walker,,rossignol,,meer,,pc,gaming,community,,pc,games,community,,horace,the,endless,bear	Gaming
PC Gamer	PC Gamer is your source for exclusive reviews, demos, updates and news on all your favorite PC gaming franchises.		Gaming
Epic Games | Store		game,engine,best,game,engine,unreal,engine,4,unreal,studio,epic,games,epic,games,store,epic	Gaming
Electronic Arts Home Page - Official EA Site	We exist to inspire the world through Play. Electronic Arts is a leading publisher of games on Console, PC and Mobile.		Gaming
Ubisoft | Welcome to the official Ubisoft website			Gaming
Origin			Gaming
ESPN: The Worldwide Leader in Sports	Visit ESPN to get up-to-the-minute sports news coverage, scores, highlights and commentary for cricket, rugby, football, F1, kabaddi and more.	ESPN,,sports,scores,,sports,news,,football,scores,,cricket,scores,,rugby,scores,,f1,scores,,golf,scores,,tennis,scores,,MLB,scores,,NFL,scores,,NBA,scores,,NHL,scores,,College,Football,scores,,College,Basketball,scores,,sports,videos,,sports,information,,Fantasy,sports,,Fantasy,games,,Fantasy,football,,Fantasy,baseball	Sports
Yahoo! Sports - News, Scores, Standings, Rumors, Fantasy Games	Yahoo! Sports - Comprehensive  news, scores, standings, fantasy games, rumors, and more	,,	Sports
CBS Sports - News, Live Scores, Schedules, Fantasy Games, Video and more. - CBSSports.com	CBS Sports features live scoring, news, stats, and player info for NFL football, MLB baseball, NBA basketball, NHL hockey, college basketball and football.		Sports
Bleacher Report | Sports. Highlights. News. Now., Bleacher Report Logo, Up Arrow Icon, Right Arrow Icon, Facebook Logo, Twitter Logo, Instagram Logo, Bleacher Report Logo, Turner Logo	Sports journalists and bloggers covering NFL, MLB, NBA, NHL, MMA, college football and basketball, NASCAR, fantasy sports and more. News, photos, mock drafts, game scores, player profiles and more!	Bleacher,Report,,bleacherreport.com,,sports,,writers,,articles,,comments,,blogs,,Formula,1,,Premier,League,,Hockey,,Soccer,,Recaps,,Boxscores,,Stats,,Schedules,,Tennis,,Golf,,WWE,,fantasy,football,,Lebron,James	Sports
Sports News, Scores and Highlights from Sports Illustrated | SI.com, SI, SI, Facebook, Twitter, Reddit, Flipboard, WhatsApp, Copy URL, Print, Reddit, Flipboard, WhatsApp, Copy URL, Print, More, Less, Combined-Shape, Combined-Shape, Close, ic_externalLink, ic_externalLink, ic_externalLink, ic_externalLink, ic_externalLink, ic_externalLink, Right-arrow, Right-arrow, ic_externalLink, Right-arrow, ic_externalLink, Right-arrow, ic_externalLink, Right-arrow, ic_externalLink, Right-arrow, ic_externalLink, ic_externalLink, Right-arrow, ic_externalLink, ic_externalLink, Right-arrow, ic_externalLink, Right-arrow, ic_externalLink, Right-arrow, ic_externalLink, ic_externalLink, ic_externalLink, ic_externalLink, ic_externalLink, Right-arrow, ic_externalLink, ic_externalLink, ic_externalLink, ic_externalLink, Facebook, Twitter, Instagram, Flipboard, Reddit, Facebook, Twitter, Instagram, Flipboard, Reddit, close, close, close, close, Combined-Shape, Close, close	Sports Illustrated, SI.com provides sports news, expert analysis, highlights, stats and scores for the NFL, NBA, MLB, NHL, college football, soccer, fantasy, gambling and more.	sports,,scores,,nfl,,football,,mlb,,nba	Sports
Latest Sports News, Live Scores, Fixtures and Results | FOX Sports Asia	FOX Sports Asia is the home for LIVE coverage of all your favourite sports including Asian Football, Bundesliga, F1, MotoGP, tennis and much more.		Sports
SBNation.com | Sports news, video, live coverage, community, clock, menu, more-arrow, no, yes, Horizontal - White, Horizontal - White, Horizontal - White, Horizontal - White	Come fan with us. SB Nation is the largest independent sports media brand, consisting of SBNation.com, MMAFighting.com and over 300 fan-centric team communities.		Sports
Sports Rumors, News & Videos | Yardbarker.com, Yardbarker: Sports Rumors, News & Videos	Sports Rumors, News & Videos		Sports
NFL, College Sports, NBA and Recruiting - Scout.com	The source for news, analysis, stats, scores, and rumors.		Sports
Sporting News - NFL | NCAA | NBA | MLB | NASCAR | UFC | WWE	The latest sports news, video, analysis, scores and bettor info. Covering the NFL, MLB, NBA, NHL, NASCAR, college football and basketball, soccer and more.		Sports
NBC Sports | Live Streams, Video, News, Schedules, Scores and more, NBCS-Logo, gold, App, rotoworld, sports engine	"Watch the NFLs Sunday Night Football, NASCAR, the NHL, Premier League and much more. Live stream, watch highlights, get scores, see schedules, check standings and fantasy news on NBCSports.com"	live,,sports,,nbc,,nfl,,nhl,,premier,,league,,scores,,schedules,,standings,,fantasy,,stream,,live,,watch	Sports
Deadspin | Sports News without Access, Favor, or Discretion	Deadspin brings you the latest sports news, stories, videos, and more.		Sports
NESN.com | Sports News | Red Sox, Bruins, Patriots, Celtics	NESN.com provides sports news and video about the Boston Red Sox, Boston Bruins, New England Patriots, and Boston Celtics.	boston,sports,,sports,news,,sports,scores,,new,england,sports,network,,boston,red,sox,,boston,redsox,,boston,bruins,,new,england,patriots,,boston,celtics	Sports
The Sports Network - Sports News	Sports news and information from TheSportsNetwork.com	sport,news,,pro,football,,pro,basketball,,pro,baseball,,national,hockey,league,,pro,golf,,pro,tennis,,soccer,,nascar,,professional,car,racing,,college,football,,college,basketball	Sports
Sky Sports - Sports News, Transfers, Scores | Watch Live Sport, Close	Watch the best live coverage of your favourite sports: Football, Golf, Rugby, Cricket, Tennis, F1, Boxing, plus the latest sports news, transfers & scores.	Sky,,Sports,,news,,sport,,breaking,,latest,,football,,golf,,rugby,,wwe,,boxing,,tennis,,cricket,,England,,live,,scores,,fixtures,,results,,watch,,tv,,online,,Premier,,League,,competitions,,blogs,,transfers,,preview,,review,,Wenger,,Arsenal,,Manchester,,United,,City,,Chelsea,,Liverpool,,Benitez,,Ancelotti,,Mancini,,Spurs,,Redknapp,,Andy,,Gray,,Martin,,Tyler,,Georgie,,Thompson,,Millie,,Clode,,Soccer,,AM,,Soccerette,,Hayley,,McQueen,,	Sports
Welcome to Prime Video	Enjoy exclusive Prime Originals as well as popular movies and TV shows.  Watch anytime, anywhere. Start your free trial.		Entertainment
Gogoanime | Watch anime online, English anime online HD	Watch anime online in English. You can watch free series and movies online and English subtitle.	gogoanime,watch,anime,,anime,online,,free,anime,,english,anime,,sites,to,watch,anime	Entertainment
Netflix - Watch TV Shows Online, Watch Movies Online, None, None, None, None, None, None, None	Watch Netflix movies & TV shows online or stream right to your smart TV, game console, PC, Mac, mobile, tablet and more.	watch,movies,,movies,online,,watch,TV,,TV,online,,TV,shows,online,,watch,TV,shows,,stream,movies,,stream,tv,,instant,streaming,,watch,online,,movies,,watch,movies,United,States,,watch,TV,online,,no,download,,full,length,movies	Entertainment
HOOQ.TV	Your gateway to a world of unlimited entertainment. Access over 10,000 hours worth of movies and TV series right at your fingertips.		Entertainment
Hulu + Live TV ‚Äì More than just Live TV streaming, Hulu	Stream Live TV channels, shows, news and sports online. With cloud DVR, never miss new episodes, games, or breaking stories again. Watch live TV or on-demand, when you want, where you want. Commitment Free. Start a 7 day free trial and review the monthly cost on this page.		Entertainment
TVFPlay	Once upon a time, a beautiful baba, a madafaka and a Queen went on an unplanned road-trip. And then they did it again! What has changed between Chandan Chanchal and Chitvan in the past 6 months? Keep your eyes on the road as your favourite siblings are all set to re-unite for another adventure!		Entertainment
\r\n    Manga99 - Read Hot Manga Online.			Entertainment
Hotstar - Watch TV Shows, Movies, Live Cricket Matches & News Online	Hotstar is India‚Äôs largest premium streaming platform with more than 100,000 hours of drama and movies in 17 languages, and coverage of every major global sporting event.	online,tv,streaming,,online,television,,internet,tv,,watch,tv,on,internet,,hotstar,,star,player	Entertainment
Free Anime Streaming Online - Watch on Crunchyroll, Crunchyroll, Open Menu, Close Menu, Login	Watch the best anime from Crunchyroll online and stream episodes of Bleach, Naruto, Dragon Ball Super, Attack on Titan, Hunter x Hunter, Fairy Tail, and more.		Entertainment
Yidio - Streaming Movie & TV Guide	Yidio is universal search & discovery for any TV Show & Movie across Netflix, Hulu, Amazon, and hundreds of other providers in one place.		Entertainment
Stremio - All You Can Watch	Watch videos, movies, TV series and TV channels instantly.	Stremio,,watch,instantly,in,hd,,synced,,streaming,,Watch,Movies,and,TV,series,,movies,,tv,series,,tv,channels,,tv,shows,,casting,,chromecast,,appletv,,upnp,,stream,,all,you,can,watch	Entertainment
Classic Cinema Online	Watch and discuss classic and vintage movies on line free!	classic,,films,,hollywood,,golden,,old,,movies,,flicks,,cinema,,comedy,,sci,fi,,drama,,horror,,online,,free,,western,,spaghetti,,classic,films,online,,classic,movies,,classic,films,,classic,features,,feature,films,,features,,flicks,,vintage,films,,vintage,movies,,vintage,features,,classic,movie,shorts,,classic,cinema,online,,old,movies,online,,watch,,old,movies,,classiccinemaonline,,video,,streaming,,free	Entertainment
Pluto TV	It√¢\x80\x99s Free TV. Download the app now to start watching 100+ live TV channels, full of the TV shows, movies and internet videos you love.		Entertainment
Watch Free Movies and TV Shows Online | Free Streaming Video | Tubi	Watch free movies and TV shows online in HD on any device.  Tubi - streaming movies and TV free.	Watch,Free,Movies,,Watch,Free,TV,,Full,Length,Movies,,Full,TV,Series,,Online,Movies,,Streaming,Movies,,HD,Movies	Entertainment
Vudu | Movies On Us	"Vudu Movies On Us - its free movies, with limited commercials."		Entertainment
\n  Programming Competition,Programming Contest,Online Computer Programming	Programming Competition: Join Online Programming Contest. CodeChef hosts Online Programming Competition, Programming Contest and Computer Programming	programming,competition,,programming,contest,,online,programming,,online,computer,programming	CompetitiveCoding
HackerRank	Join over 5 million developers. Practice coding, prepare for interviews, and get hired.		CompetitiveCoding
Devfolio - Your one application to the best hackathons	Participate in a hackathon or even better, host one. Learn new skills, build things & get hired.	devfolio,,hackathon,platform,,hackathon,organization,,hackathon,organizers,,hackathon,guide,,host,a,hackathon,,hackathon,ideas,,developer,hiring,,designer,hiring,,internships,,full-time,jobs,,hackathon,,community,hackathons,,developer,community,,ethereum,hackathon,,blockchain,hackathon,,hackathon,bangalore,,hackathon,india,,developer,relations,,developer,evangelism,,technology,,startup,,innovation.	CompetitiveCoding
Devpost - The home for hackathons	Build products, practice skills, learn technologies, win prizes, and grow your network.		CompetitiveCoding
Major League Hacking	The official collegiate hackathon league.		CompetitiveCoding
HackSociety | Organise and Attend Hackathons	HackSociety aims at promoting the development culture and motivating students to learn by implementing in technology driven events like hackathons.	HackSociety,,hack,,society,,Hackathon,,league,,hacker,,Delhi,,India,,Technology,,Event,,Coding,,Development,,community,,meetup,,hacking,,clashhacks	CompetitiveCoding
 HackerEarth | Hackathons, Innovation Management, and Technical Recruitment software  	  HackerEarth is a global hub of 2M+ developers. We also help companies fast-track their growth through our best-in-class technical recruitment software and innovation management platform.		CompetitiveCoding
Kaggle: Your Home for Data Science			CompetitiveCoding
Design & Build High-Quality Software with Crowdsourcing | Topcoder	The Topcoder Community is the world‚Äôs largest network of designers, developers, and data scientists, and we‚Äôre ready to begin work on your projects. Start getting more work done with the world‚Äôs largest talent marketplace today!		CompetitiveCoding
Codeforces	Codeforces. Programming competitions and contests, programming community	programming,algorithm,contest,competition,informatics,olympiads,c++,java,graphs,vkcup	CompetitiveCoding
Listen & Download Latest Hindi, English, Bollywood Songs Online | Wynk	Play your favourite music online for free or download mp3. Enjoy from over 30 Lakh Hindi, English, Bollywood, Regional, Latest, Old songs and more. Create Listen to lists, like and share your favorite music on the Wynk music app.	wynk,,wynk,music,,wynk,airtel,,airtel,music	Entertainment
Listen to New Hindi Songs Online Only on JioSaavn.	Listen to Latest and Trending Hindi songs online for free with JioSaavn anytime, anywhere. Download or listen to unlimited new & old Hindi songs online. Search from most trending, weekly top 15, Hindi movie songs, etc on JioSaavn.	Hindi,Songs,Free,Download,,Bollywood,Music,,Hindi,Movie,Songs,,Priyanka,Chopra,,Salman,Khan,,Katrina,Kaif,,Sonu,Nigam,,Honey,Singh,,Udit,Narayan,,Shah,Rukh,Khan,,Aamir,Khan	Entertainment
Download New MP3 Songs Online, Free Latest Hindi, Bollywood, Movies, Videos - Hungama	Download and listen MP3 songs free online to your Hungama account. Watch new and popular Hindi, English and regional movies, TV shows and videos online. Download Hungama Music & Hungama Play app to get access to unlimited free songs, free movies, latest music videos, online radio, new TV shows and much more at Hungama. Listen to free music and earn Hungama Coins, redeem Hungama coins  for free subscription on Hungama Music & Hungama Play App and many more free gifts.	listen,music,,latest,songs,,Hindi,songs,,Bollywood,songs,,Hindi,movies,,new,Hindi,songs	Entertainment
Lyrics.com	On Lyrics.com you can find all the lyrics you need. From oldies to the latest top40 music. ¬©2019 STANDS4 LLC	lyrics,,lyric,,ringtone,,wallpaper,,polyphonic,,lyrixs,,songtext,,music,,musicsongs,,mp3,,download,,free,,artist,,artist,,top40,,Lyrics.com	Entertainment
Download Latest MP3 Songs Online: Play Old & New MP3 Music Online Free on Gaana.com	Gaana.com- Listen & Download latest MP3 songs online. Download new or old Hindi songs, Bollywood songs, English songs* & more on Gaana+ and play offline. Create, share and listen to streaming music playlists for free.	songs,,music,,songs,online,,listen,songs,,MP3,songs,,listen,to,free,online,songs,,online,latest,songs,,free,music,,popular,songs,,movie,songs,,gaana.com,,listen,to,songs,online,,listen,to,free,music,,online,music,,free,music,online,,latest,movie,songs,,hindi,songs,,play,songs,,online,songs,,hindi,songs,,music,albums,,free,music,,online,music,,english,songs,,hollywood,songs,,playlists,music,,music,online	Entertainment
Play free on mobile  - Spotify  Play free on mobile  - Spotify\n, Play it your way., Playlists made easy., Make Spotify yours., Save mobile data.	Spotify is a digital music service that gives you access to millions of songs.	Spotify,,music,,online,,listen,,streaming,,play,,digital,,album,,artist,,playlist	Entertainment
ERROR: The request could not be satisfied			Food
Your Favourite Restaurants, Delivered Fast | Download Uber Eats | Uber Eats	Top local restaurants are just a tap away. Use your Uber account to order food that you crave from restaurants you love, delivered directly to your door.		Food
Food Home Delivery | Order Online with foodpanda India	Home delivery and take away from 15k+ restaurants across India ‚úì Discount voucher code ‚úì Order food online or via mobile free app now!	foodpanda,,food	Food
Softer Crust, Tastier Sauce, More Toppings & More Cheese - Try the All New Domino‚Äôs Pizza.	"Order online from Dominos and get home delivery for free. Get Pizza delivery from your nearest Pizza shop and savor delicious Pizza."	Pizza,Delivery,,Home,Delivery,,Order,Pizza,Online	Food
Order Pizzas Online, Pizza Delivery & Takeaway | Pizza Hut India.	Let your tastebuds be spoilt for choice with our 11 new Pan Pizzas. Order fresh pan crust or stuffed crust pizza online for prompt delivery. Customize your veg and non-veg pizzas as per your taste and order online.	PizzaHut,India,Pizza,Delivery,Near,You,Order,Online,Takeaway	Food
Just Eat Global Gateway			Food
"Order food online from Indias best food delivery service. Order from restaurants near you"	Order food online from restaurants and get it delivered. Serving in Bangalore, Hyderabad, Delhi, Gurgaon, Nagpur, Jaipur, Coimbatore, Chandigarh, Ahemdabad, Visakhapatnam, Lucknow, Noida, Mumbai, Pune, Indore, Kochi, Kolkata and Chennai. Order Pizzas, Burgers, Biryanis, Desserts or order from Subway, Pizza Hut, Dominos, KFC, McDonalds.	restaurants,,order,food,,order,online,,order,food,online,,food,,delivery,,food,delivery,,home,delivery,,fast,,hungry,,quickly,,offer,,discount,,takeaway,,cuisine,,pizza,,burger,,biryani,,dessert,,juice,,dosa,,bangalore,,visakhapatnam,,nagpur,,bengaluru,,delhi,,gurgaon,,ncr,,noida,,lucknow,,hyderabad,,mumbai,,jaipur,,bombay,,chennai,,pune,,kolkata,,ahemdabad,,kochi,,coimbatore,,pizza,hut,,mcd,,mcdonalds,,dominos,,haagen,dazs,,baskin,robbins,,papa,johns,,kfc,,haldiram,,breakfast,,lunch,,dinner,,snacks,,restaurants,near,me	Food
Best Restaurants in India - Zomato	India Restaurants - Find the best restaurants, caf√©s and bars in India on Zomato. View Menus, Photos, Ratings and User Reviews for Top restaurants in India.		Food
Book Restaurant Online in India and Dubai. Best deals at Top Restaurants in Delhi, Mumbai & 10 more cities at Eazydiner.	EazyDiner offers table reservation in top 4000+ restaurants across 11 Indian cities & Dubai with a guaranteed meal offer. Follow critic rating & user reviews for the best restaurants in Delhi NCR, Mumbai, Bengaluru, Pune, Chennai, Kolkata, Goa, Ahmedabad, Jaipur, Chandigarh, Hyderabad & Dubai		Food
Free table reservation with discounts and offers in Delhi | Dineout 	Find best restaurants in Delhi offering discounts on food & drinks, check out menu, reviews and also book a table through dineout for free.		Food